2026-04-27_13-10-16,18,main.go:2026-04-27_13-10-16
2026-04-27_13-11-00,0,main.go:2026-04-27_13-11-00
2026-04-27_13-12-01,0,main.go:2026-04-27_13-12-01
2026-04-27_13-12-28,0,main.go:2026-04-27_13-12-28
2026-04-27_13-12-44,0,main.go:2026-04-27_13-12-44
2026-04-27_13-13-34,---,main.go:2026-04-27_13-13-34
2026-04-27_13-13-46,0,main.go:2026-04-27_13-13-34
2026-04-27_13-14-09,0,main.go:2026-04-27_13-14-09
2026-04-27_13-14-32,100,main.go:2026-04-27_13-14-32
2026-04-27_13-15-08,0,main.go:2026-04-27_13-15-08
2026-04-27_13-38-20,100,main.go:2026-04-27_13-38-20
2026-04-27_13-39-01,0,main.go:2026-04-27_13-39-01
2026-04-27_13-49-39,100,main.go:2026-04-27_13-49-39
