2026-03-16_18-34-10,100,draft.py:2026-03-16_18-34-10
2026-03-16_18-34-14,100,draft.py:2026-03-16_18-34-10
2026-03-16_18-34-18,100,draft.py:2026-03-16_18-34-10
2026-03-16_18-34-22,100,draft.py:2026-03-16_18-34-10
2026-03-16_18-34-28,100,draft.py:2026-03-16_18-34-10
2026-03-29_22-12-06,---,draft.go:2026-03-29_22-12-06
2026-03-29_22-19-01,0,draft.go:2026-03-29_22-12-06
2026-03-29_22-22-07,0,draft.go:2026-03-29_22-22-07
2026-03-29_22-24-46,0,draft.go:2026-03-29_22-24-46
2026-03-29_22-24-55,0,draft.go:2026-03-29_22-24-46
2026-03-29_22-25-08,0,draft.go:2026-03-29_22-24-46
2026-03-29_22-25-19,0,draft.go:2026-03-29_22-24-46
2026-03-29_22-26-07,0,draft.go:2026-03-29_22-24-46
2026-03-29_22-33-08,0,draft.go:2026-03-29_22-24-46
2026-03-29_22-37-39,0,draft.go:2026-03-29_22-24-46
