2026-03-29_23-39-10,0,shell.go:2026-03-29_23-39-10
2026-03-29_23-40-21,14,shell.go:2026-03-29_23-40-21
2026-03-29_23-43-26,28,shell.go:2026-03-29_23-43-26
2026-03-30_16-49-10,28,shell.go:2026-03-29_23-43-26
2026-03-30_17-19-23,0,shell.go:2026-03-30_17-19-23
2026-03-30_17-20-04,0,shell.go:2026-03-30_17-19-23
2026-03-30_17-23-58,0,shell.go:2026-03-30_17-23-58
2026-03-30_17-27-12,0,shell.go:2026-03-30_17-27-12
2026-03-30_17-30-43,0,shell.go:2026-03-30_17-30-43
2026-03-30_17-31-32,0,shell.go:2026-03-30_17-30-43
2026-03-30_17-32-44,85,shell.go:2026-03-30_17-32-44
2026-03-30_17-34-16,100,shell.go:2026-03-30_17-34-16
2026-03-30_17-35-21,85,shell.go:2026-03-30_17-35-21
2026-03-30_17-35-27,0,shell.go:2026-03-30_17-35-27
2026-03-30_17-35-33,85,shell.go:2026-03-30_17-35-33
2026-03-30_17-35-52,85,shell.go:2026-03-30_17-35-33
2026-03-30_17-35-57,0,shell.go:2026-03-30_17-35-57
2026-03-30_17-36-05,0,shell.go:2026-03-30_17-36-05
2026-03-30_17-36-14,---,shell.go:2026-03-30_17-36-05
2026-03-30_17-37-33,85,shell.go:2026-03-30_17-37-33
2026-03-30_17-37-55,85,shell.go:2026-03-30_17-37-33
2026-03-30_17-44-09,85,shell.go:2026-03-30_17-37-33
2026-03-30_18-16-33,85,shell.go:2026-03-30_17-37-33
2026-03-30_18-16-41,100,shell.go:2026-03-30_18-16-41
