2026-06-09_02-27-57,0,main.go:2026-06-09_02-27-57
2026-06-09_02-28-00,---,main.go:2026-06-09_02-27-57
2026-06-09_02-28-40,0,main.go:2026-06-09_02-28-40
2026-06-09_02-29-02,0,main.go:2026-06-09_02-29-02
2026-06-09_02-29-21,0,main.go:2026-06-09_02-29-21
2026-06-09_02-30-04,0,main.go:2026-06-09_02-30-04
2026-06-09_02-30-20,0,main.go:2026-06-09_02-30-20
2026-06-09_02-30-46,0,main.go:2026-06-09_02-30-46
2026-06-09_02-30-54,0,main.go:2026-06-09_02-30-54
2026-06-09_02-31-01,0,main.go:2026-06-09_02-31-01
2026-06-09_02-31-08,0,main.go:2026-06-09_02-31-08
2026-06-09_02-31-24,0,main.go:2026-06-09_02-31-24
2026-06-09_02-31-33,0,main.go:2026-06-09_02-31-33
2026-06-09_02-31-54,0,main.go:2026-06-09_02-31-54
2026-06-09_02-32-25,0,main.go:2026-06-09_02-32-25
2026-06-09_02-34-31,0,main.go:2026-06-09_02-34-31
2026-06-09_02-34-53,0,main.go:2026-06-09_02-34-53
2026-06-09_02-35-01,0,main.go:2026-06-09_02-35-01
2026-06-09_02-35-17,0,main.go:2026-06-09_02-35-17
2026-06-09_02-37-25,0,main.go:2026-06-09_02-37-25
2026-06-09_02-38-00,0,main.go:2026-06-09_02-38-00
2026-06-09_02-38-19,100,main.go:2026-06-09_02-38-19
2026-06-09_02-38-30,0,main.go:2026-06-09_02-38-30
2026-06-09_02-43-34,100,main.go:2026-06-09_02-43-34
2026-06-09_02-44-39,0,main.go:2026-06-09_02-44-39
2026-06-09_02-52-10,100,main.go:2026-06-09_02-52-10
