2026-04-06_22-34-13,0,main.go:2026-04-06_22-34-13
2026-04-08_14-37-29,0,main.go:2026-04-08_14-37-29
2026-04-08_14-42-35,0,main.go:2026-04-08_14-42-35
2026-04-08_14-42-39,0,main.go:2026-04-08_14-42-35
2026-04-08_14-56-36,0,main.go:2026-04-08_14-56-36
2026-04-08_15-00-51,0,main.go:2026-04-08_15-00-51
2026-04-08_15-04-45,50,main.go:2026-04-08_15-04-45
2026-04-08_15-06-06,50,main.go:2026-04-08_15-04-45
2026-04-08_15-16-23,50,main.go:2026-04-08_15-16-23
2026-04-08_15-17-07,0,main.go:2026-04-08_15-17-07
2026-04-08_15-19-05,66,main.go:2026-04-08_15-19-05
2026-04-08_15-41-26,83,main.go:2026-04-08_15-41-26
2026-04-08_15-57-16,0,main.go:2026-04-08_15-57-16
2026-04-08_15-57-19,0,main.go:2026-04-08_15-57-16
2026-04-08_15-57-44,83,main.go:2026-04-08_15-57-44
2026-04-08_16-07-08,83,main.go:2026-04-08_15-57-44
2026-04-08_16-09-35,83,main.go:2026-04-08_16-09-35
2026-04-08_16-11-35,83,main.go:2026-04-08_16-11-35
2026-04-08_16-17-29,100,main.go:2026-04-08_16-17-29
