2026-03-16_18-25-58,0,draft.py:2026-03-16_18-25-58
2026-03-16_18-31-47,0,draft.py:2026-03-16_18-31-47
2026-03-16_18-31-48,0,draft.py:2026-03-16_18-31-47
2026-03-16_18-36-35,0,draft.py:2026-03-16_18-31-47
2026-03-16_18-39-19,0,draft.py:2026-03-16_18-39-19
2026-03-16_18-41-30,0,draft.go:2026-03-16_18-41-30
2026-03-16_18-46-35,25,draft.go:2026-03-16_18-46-35
2026-03-16_18-48-27,0,draft.go:2026-03-16_18-48-27
2026-03-16_18-51-10,25,draft.go:2026-03-16_18-51-10
2026-03-16_18-51-28,25,draft.go:2026-03-16_18-51-28
2026-03-16_18-51-44,25,draft.go:2026-03-16_18-51-44
2026-03-16_18-53-02,0,draft.go:2026-03-16_18-53-02
2026-03-16_18-53-42,25,draft.go:2026-03-16_18-53-42
2026-03-16_18-54-46,25,draft.go:2026-03-16_18-54-46
2026-03-16_18-55-50,25,draft.go:2026-03-16_18-55-50
2026-03-16_18-58-38,0,draft.go:2026-03-16_18-58-38
2026-03-16_18-58-58,0,draft.go:2026-03-16_18-58-58
2026-03-16_19-01-07,25,draft.go:2026-03-16_19-01-07
2026-03-16_19-01-25,25,draft.go:2026-03-16_19-01-25
2026-03-16_19-08-55,0,draft.go:2026-03-16_19-08-55
2026-03-16_19-10-59,100,draft.go:2026-03-16_19-10-59
